word,meaning,pos,pos_en,pos_zh,pos_note,base_form,past,past_participle,present_participle,transitivity,plural,plural_rule,required_prepositions,usage_patterns,example_1,example_zh_1,example_2,example_zh_2,example_3,example_zh_3,example_4,example_zh_4,example_5,example_zh_5,grade,semester,lesson,tags,note,word_question_context,meaning_option_1,meaning_option_2,meaning_option_3,word_option_1,word_option_2,word_option_3,past_option_1,past_option_2,past_option_3,past_participle_option_1,past_participle_option_2,past_participle_option_3,present_participle_option_1,present_participle_option_2,present_participle_option_3,verb_change_type,verb_change_note,verb_change_option_1,verb_change_option_2,verb_change_option_3,cloze_1,cloze_answer_1,cloze_hint_1,cloze_2,cloze_answer_2,cloze_hint_2,cloze_3,cloze_answer_3,cloze_hint_3,cloze_4,cloze_answer_4,cloze_hint_4,cloze_5,cloze_answer_5,cloze_hint_5
am,是；在；存在,verb（動詞）,verb,動詞,表示動作或狀態，例如 be 表示「是、在」。,be,was,been,being,不及物／連綴動詞,,,be from; be in; be at; be with,I am...; I am from...; I am in/at...; I am with...,I am a student.,我是一名學生。,I am from Taiwan.,我來自台灣。,I am in the classroom now.,我現在在教室裡。,I am happy today.,我今天很高興。,I am with my friend.,我和我的朋友在一起。,七年級,上學期,Starter,be動詞;連綴動詞,am 只和 I 搭配；be 動詞後可接名詞、形容詞、地點或介系詞片語。,I ___ a student.（主詞 I 搭配）,我的,什麼,如何；怎樣,are,is,be,were,been,being,was,were,being,been,was,beeing,不規則變化：be 動詞,am 是 be 動詞的現在式，原形 be，過去式依主詞為 was / were，過去分詞 been。,規則變化：直接加 -ed,規則變化：子音 + y 改 ied,規則變化：雙寫字尾加 -ed,I a_ a student.,am,a 開頭，共 2 個字母,I a_ from Taiwan.,am,a 開頭，共 2 個字母,I a_ in the classroom now.,am,a 開頭，共 2 個字母,I a_ happy today.,am,a 開頭，共 2 個字母,I a_ with my friend.,am,a 開頭，共 2 個字母
are,是；在；存在,verb（動詞）,verb,動詞,表示動作或狀態，例如 be 表示「是、在」。,be,were,been,being,不及物／連綴動詞,,,be from; be in; be at; be with,You are...; We are...; They are...; plural noun + are...,You are my friend.,你是我的朋友。,We are in the same class.,我們在同一班。,They are from Japan.,他們來自日本。,The books are on the desk.,那些書在桌上。,Are you ready?,你準備好了嗎？,七年級,上學期,Starter,be動詞;連綴動詞,are 可搭配 you / we / they 或複數主詞。,You / We / They ___ students.（主詞 you / we / they 搭配）,我的,什麼,如何；怎樣,am,is,be,was,been,being,was,were,being,been,was,beeing,不規則變化：be 動詞,are 是 be 動詞的現在式，原形 be，過去式依主詞為 was / were，過去分詞 been。,規則變化：直接加 -ed,規則變化：子音 + y 改 ied,規則變化：雙寫字尾加 -ed,You a__ my friend.,are,a 開頭，共 3 個字母,We a__ in the same class.,are,a 開頭，共 3 個字母,They a__ from Japan.,are,a 開頭，共 3 個字母,The books a__ on the desk.,are,a 開頭，共 3 個字母,A__ you ready?,are,a 開頭，共 3 個字母
is,是；在；存在,verb（動詞）,verb,動詞,表示動作或狀態，例如 be 表示「是、在」。,be,was,been,being,不及物／連綴動詞,,,be from; be in; be at; be with,He is...; She is...; It is...; singular noun + is...,He is my brother.,他是我的哥哥／弟弟。,She is in the library.,她在圖書館。,It is a small dog.,牠是一隻小狗。,My school is near the park.,我的學校在公園附近。,Is this your book?,這是你的書嗎？,七年級,上學期,Starter,be動詞;連綴動詞,is 搭配 he / she / it 或單數主詞。,He / She / It ___ here.（主詞 he / she / it 搭配）,我的,什麼,如何；怎樣,am,are,be,were,been,being,was,were,being,been,was,beeing,不規則變化：be 動詞,is 是 be 動詞的現在式，原形 be，過去式依主詞為 was / were，過去分詞 been。,規則變化：直接加 -ed,規則變化：子音 + y 改 ied,規則變化：雙寫字尾加 -ed,He i_ my brother.,is,i 開頭，共 2 個字母,She i_ in the library.,is,i 開頭，共 2 個字母,It i_ a small dog.,is,i 開頭，共 2 個字母,My school i_ near the park.,is,i 開頭，共 2 個字母,I_ this your book?,is,i 開頭，共 2 個字母
what,什麼,pronoun/determiner（代名詞／限定詞）,pronoun/determiner,代名詞／限定詞,可用來問「什麼」，也可放在名詞前，例如 what color。,,,,,,,,what about; what time; what color; what day,What is...?; What are...?; What about...?,What is your name?,你的名字是什麼？,What are these?,這些是什麼？,What time is it?,現在幾點？,What color is your bag?,你的包包是什麼顏色？,What about you?,你呢？,七年級,上學期,Starter,疑問詞;常用句型,what 可當疑問代名詞或限定詞，常用於詢問事物、時間、顏色、日期等。,___ is your name?,如何；怎樣,我的,你的,how,who,where,,,,,,,,,,,,,,,W___ is your name?,what,w 開頭，共 4 個字母,W___ are these?,what,w 開頭，共 4 個字母,W___ time is it?,what,w 開頭，共 4 個字母,W___ color is your bag?,what,w 開頭，共 4 個字母,W___ about you?,what,w 開頭，共 4 個字母
my,我的,possessive adjective（物主形容詞）,possessive adjective,物主形容詞,放在名詞前，表示「誰的」，例如 my book、your name。,,,,,,,,my + noun,my name; my book; my family,My name is Emma.,我的名字是 Emma。,This is my book.,這是我的書。,My father is a teacher.,我的爸爸是一位老師。,My bag is on the chair.,我的包包在椅子上。,My English teacher is nice.,我的英文老師很好。,七年級,上學期,Starter,所有格形容詞,my 後面通常接名詞，表示「我的……」。,This is ___ book.（我的）,你的；你們的,他的,她的；她,your,his,her,,,,,,,,,,,,,,,M_ name is Emma.,my,m 開頭，共 2 個字母,This is m_ book.,my,m 開頭，共 2 個字母,M_ father is a teacher.,my,m 開頭，共 2 個字母,M_ bag is on the chair.,my,m 開頭，共 2 個字母,M_ English teacher is nice.,my,m 開頭，共 2 個字母
your,你的；你們的,possessive adjective（物主形容詞）,possessive adjective,物主形容詞,放在名詞前，表示「誰的」，例如 my book、your name。,,,,,,,,your + noun,your name; your school; your turn,What is your name?,你的名字是什麼？,Is this your pencil?,這是你的鉛筆嗎？,Your school is big.,你的學校很大。,Please open your book.,請打開你的書。,It is your turn.,輪到你了。,七年級,上學期,Starter,所有格形容詞,your 可表示「你的」或「你們的」，要看上下文。,Is this ___ pencil?（你的）,我的,他的,她的；她,my,his,her,,,,,,,,,,,,,,,What is y___ name?,your,y 開頭，共 4 個字母,Is this y___ pencil?,your,y 開頭，共 4 個字母,Y___ school is big.,your,y 開頭，共 4 個字母,Please open y___ book.,your,y 開頭，共 4 個字母,It is y___ turn.,your,y 開頭，共 4 個字母
his,他的,possessive adjective/pronoun（物主形容詞／所有格代名詞）,possessive adjective/pronoun,物主形容詞／所有格代名詞,his 可放在名詞前，也可單獨表示「他的」。,,,,,,,,his + noun; be his,his book; his father; his idea,His name is Jack.,他的名字是 Jack。,This is his bike.,這是他的腳踏車。,His mother is a doctor.,他的媽媽是一位醫生。,The red pen is his.,那枝紅筆是他的。,His English is good.,他的英文很好。,七年級,上學期,Starter,所有格;代名詞,his 可接名詞，也可單獨當所有格代名詞，例如 The book is his.,This is ___ bike.（他的）,她的；她,我的,你的；你們的,her,my,your,,,,,,,,,,,,,,,H__ name is Jack.,his,h 開頭，共 3 個字母,This is h__ bike.,his,h 開頭，共 3 個字母,H__ mother is a doctor.,his,h 開頭，共 3 個字母,The red pen is h__.,his,h 開頭，共 3 個字母,H__ English is good.,his,h 開頭，共 3 個字母
her,她的；她,possessive adjective/object pronoun（物主形容詞／受格代名詞）,possessive adjective/object pronoun,物主形容詞／受格代名詞,her 可表示「她的」，也可作受格「她」。,,,,,,,,her + noun; to her; with her,her book; ask her; help her,Her name is Lisa.,她的名字是 Lisa。,This is her desk.,這是她的書桌。,I know her.,我認識她。,Please give the book to her.,請把書給她。,Her sister is twelve years old.,她的妹妹／姐姐十二歲。,七年級,上學期,Starter,所有格;受格代名詞,her 可表示「她的」，也可當受格「她」。,This is ___ desk.（她的）,他的,我的,你的；你們的,his,my,your,,,,,,,,,,,,,,,H__ name is Lisa.,her,h 開頭，共 3 個字母,This is h__ desk.,her,h 開頭，共 3 個字母,I know h__.,her,h 開頭，共 3 個字母,Please give the book to h__.,her,h 開頭，共 3 個字母,H__ sister is twelve years old.,her,h 開頭，共 3 個字母
its,它的,possessive adjective（物主形容詞）,possessive adjective,物主形容詞,放在名詞前，表示「誰的」，例如 my book、your name。,,,,,,,,its + noun,its name; its color; its tail,"The dog is small, but its eyes are big.",那隻狗很小，但牠的眼睛很大。,The cat is washing its face.,那隻貓正在洗牠的臉。,The school is famous for its library.,這所學校以它的圖書館聞名。,Look at the bird and its nest.,看看那隻鳥和牠的巢。,Its color is blue.,它的顏色是藍色。,七年級,上學期,Starter,所有格形容詞,its 表示「它的」，不要和 it's（it is / it has 的縮寫）混淆。,"The dog is small, but ___ eyes are big.（牠的）",他的,她的；她,我的,his,her,it's,,,,,,,,,,,,,,,"The dog is small, but i__ eyes are big.",its,i 開頭，共 3 個字母,The cat is washing i__ face.,its,i 開頭，共 3 個字母,The school is famous for i__ library.,its,i 開頭，共 3 個字母,Look at the bird and i__ nest.,its,i 開頭，共 3 個字母,I__ color is blue.,its,i 開頭，共 3 個字母
how,如何；多麼；怎樣,adverb（副詞）,adverb,副詞,用來問方法、狀態、程度或數量，例如 how old、how many。,,,,,,,,how old; how many; how much; how about; how to,How are you?; How old...?; How many...?,How are you?,你好嗎？,How old are you?,你幾歲？,How many books do you have?,你有幾本書？,How much is this bag?,這個包包多少錢？,How about some tea?,來點茶如何？,七年級,上學期,Starter,疑問副詞;常用句型,how 常用來詢問方式、狀態、年齡、數量或程度。,___ are you?,什麼,我的,你的,what,who,where,,,,,,,,,,不規則變化,how 的三態需要特別記憶。,規則變化：直接加 -ed,規則變化：子音 + y 改 ied,規則變化：雙寫字尾加 -ed,H__ are you?,how,h 開頭，共 3 個字母,H__ old are you?,how,h 開頭，共 3 個字母,H__ many books do you have?,how,h 開頭，共 3 個字母,H__ much is this bag?,how,h 開頭，共 3 個字母,H__ about some tea?,how,h 開頭，共 3 個字母
zero,零,number/noun/adjective（數字／名詞／形容詞）,number/noun/adjective,數字／名詞／形容詞,可表示數字；也可當名詞使用，例如 two twos；也可放在名詞前修飾數量。,,,,,,zeros / zeroes,規則加 s；zeroes 也可見,,number + plural noun; the number is...; in one's twenties/thirties,I have zero pencils.,我有零枝鉛筆。,The answer is zero.,答案是零。,Please write the number zero.,請寫出數字零。,,,,,七年級,上學期,Starter,數字;可作名詞或形容詞,zero 可表示數字 0；當名詞複數常見 zeros，也可寫 zeroes。,,一,二,三,one,two,three,,,,,,,,,,,,,,,I have z___ pencils.,zero,z 開頭，共 4 個字母,The answer is z___.,zero,z 開頭，共 4 個字母,Please write the number z___.,zero,z 開頭，共 4 個字母,,,,,,
one,一,number/noun/adjective（數字／名詞／形容詞）,number/noun/adjective,數字／名詞／形容詞,可表示數字；也可當名詞使用，例如 two twos；也可放在名詞前修飾數量。,,,,,,ones,規則加 s,,number + plural noun; the number is...; in one's twenties/thirties,I have one pencils.,我有一枝鉛筆。,The answer is one.,答案是一。,Please write the number one.,請寫出數字一。,,,,,七年級,上學期,Starter,數字;可作名詞或形容詞,one 可作數字，也可作代名詞，如 this one。,,二,零,三,two,zero,three,,,,,,,,,,,,,,,I have o__ pencils.,one,o 開頭，共 3 個字母,The answer is o__.,one,o 開頭，共 3 個字母,Please write the number o__.,one,o 開頭，共 3 個字母,,,,,,
two,二,number/noun/adjective（數字／名詞／形容詞）,number/noun/adjective,數字／名詞／形容詞,可表示數字；也可當名詞使用，例如 two twos；也可放在名詞前修飾數量。,,,,,,twos,規則加 s,,number + plural noun; the number is...; in one's twenties/thirties,I have two pencils.,我有二枝鉛筆。,The answer is two.,答案是二。,Please write the number two.,請寫出數字二。,,,,,七年級,上學期,Starter,數字;可作名詞或形容詞,two 作名詞時複數為 twos。,,三,一,四,three,one,four,,,,,,,,,,,,,,,I have t__ pencils.,two,t 開頭，共 3 個字母,The answer is t__.,two,t 開頭，共 3 個字母,Please write the number t__.,two,t 開頭，共 3 個字母,,,,,,
three,三,number/noun/adjective（數字／名詞／形容詞）,number/noun/adjective,數字／名詞／形容詞,可表示數字；也可當名詞使用，例如 two twos；也可放在名詞前修飾數量。,,,,,,threes,規則加 s,,number + plural noun; the number is...; in one's twenties/thirties,I have three pencils.,我有三枝鉛筆。,The answer is three.,答案是三。,Please write the number three.,請寫出數字三。,,,,,七年級,上學期,Starter,數字;可作名詞或形容詞,three 作名詞時複數為 threes。,,四,二,五,four,two,five,,,,,,,,,,,,,,,I have t____ pencils.,three,t 開頭，共 5 個字母,The answer is t____.,three,t 開頭，共 5 個字母,Please write the number t____.,three,t 開頭，共 5 個字母,,,,,,
four,四,number/noun/adjective（數字／名詞／形容詞）,number/noun/adjective,數字／名詞／形容詞,可表示數字；也可當名詞使用，例如 two twos；也可放在名詞前修飾數量。,,,,,,fours,規則加 s,,number + plural noun; the number is...; in one's twenties/thirties,I have four pencils.,我有四枝鉛筆。,The answer is four.,答案是四。,Please write the number four.,請寫出數字四。,,,,,七年級,上學期,Starter,數字;可作名詞或形容詞,four 作名詞時複數為 fours。,,五,三,六,five,three,six,,,,,,,,,,,,,,,I have f___ pencils.,four,f 開頭，共 4 個字母,The answer is f___.,four,f 開頭，共 4 個字母,Please write the number f___.,four,f 開頭，共 4 個字母,,,,,,
five,五,number/noun/adjective（數字／名詞／形容詞）,number/noun/adjective,數字／名詞／形容詞,可表示數字；也可當名詞使用，例如 two twos；也可放在名詞前修飾數量。,,,,,,fives,規則加 s,,number + plural noun; the number is...; in one's twenties/thirties,I have five pencils.,我有五枝鉛筆。,The answer is five.,答案是五。,Please write the number five.,請寫出數字五。,,,,,七年級,上學期,Starter,數字;可作名詞或形容詞,five 作名詞時複數為 fives。,,六,四,七,six,four,seven,,,,,,,,,,,,,,,I have f___ pencils.,five,f 開頭，共 4 個字母,The answer is f___.,five,f 開頭，共 4 個字母,Please write the number f___.,five,f 開頭，共 4 個字母,,,,,,
six,六,number/noun/adjective（數字／名詞／形容詞）,number/noun/adjective,數字／名詞／形容詞,可表示數字；也可當名詞使用，例如 two twos；也可放在名詞前修飾數量。,,,,,,sixes,加 es,,number + plural noun; the number is...; in one's twenties/thirties,I have six pencils.,我有六枝鉛筆。,The answer is six.,答案是六。,Please write the number six.,請寫出數字六。,,,,,七年級,上學期,Starter,數字;可作名詞或形容詞,six 以 x 結尾，作名詞時複數加 es：sixes。,,七,五,八,seven,five,eight,,,,,,,,,,,,,,,I have s__ pencils.,six,s 開頭，共 3 個字母,The answer is s__.,six,s 開頭，共 3 個字母,Please write the number s__.,six,s 開頭，共 3 個字母,,,,,,
seven,七,number/noun/adjective（數字／名詞／形容詞）,number/noun/adjective,數字／名詞／形容詞,可表示數字；也可當名詞使用，例如 two twos；也可放在名詞前修飾數量。,,,,,,sevens,規則加 s,,number + plural noun; the number is...; in one's twenties/thirties,I have seven pencils.,我有七枝鉛筆。,The answer is seven.,答案是七。,Please write the number seven.,請寫出數字七。,,,,,七年級,上學期,Starter,數字;可作名詞或形容詞,seven 作名詞時複數為 sevens。,,八,六,九,eight,six,nine,,,,,,,,,,,,,,,I have s____ pencils.,seven,s 開頭，共 5 個字母,The answer is s____.,seven,s 開頭，共 5 個字母,Please write the number s____.,seven,s 開頭，共 5 個字母,,,,,,
eight,八,number/noun/adjective（數字／名詞／形容詞）,number/noun/adjective,數字／名詞／形容詞,可表示數字；也可當名詞使用，例如 two twos；也可放在名詞前修飾數量。,,,,,,eights,規則加 s,,number + plural noun; the number is...; in one's twenties/thirties,I have eight pencils.,我有八枝鉛筆。,The answer is eight.,答案是八。,Please write the number eight.,請寫出數字八。,,,,,七年級,上學期,Starter,數字;可作名詞或形容詞,eight 作名詞時複數為 eights。,,九,七,十,nine,seven,ten,,,,,,,,,,,,,,,I have e____ pencils.,eight,e 開頭，共 5 個字母,The answer is e____.,eight,e 開頭，共 5 個字母,Please write the number e____.,eight,e 開頭，共 5 個字母,,,,,,
nine,九,number/noun/adjective（數字／名詞／形容詞）,number/noun/adjective,數字／名詞／形容詞,可表示數字；也可當名詞使用，例如 two twos；也可放在名詞前修飾數量。,,,,,,nines,規則加 s,,number + plural noun; the number is...; in one's twenties/thirties,I have nine pencils.,我有九枝鉛筆。,The answer is nine.,答案是九。,Please write the number nine.,請寫出數字九。,,,,,七年級,上學期,Starter,數字;可作名詞或形容詞,nine 的拼字是 n-i-n-e；你原先寫的 ninie 已更正為 nine。,,十,八,十一,ten,eight,eleven,,,,,,,,,,,,,,,I have n___ pencils.,nine,n 開頭，共 4 個字母,The answer is n___.,nine,n 開頭，共 4 個字母,Please write the number n___.,nine,n 開頭，共 4 個字母,,,,,,
ten,十,number/noun/adjective（數字／名詞／形容詞）,number/noun/adjective,數字／名詞／形容詞,可表示數字；也可當名詞使用，例如 two twos；也可放在名詞前修飾數量。,,,,,,tens,規則加 s,,number + plural noun; the number is...; in one's twenties/thirties,I have ten pencils.,我有十枝鉛筆。,The answer is ten.,答案是十。,Please write the number ten.,請寫出數字十。,,,,,七年級,上學期,Starter,數字;可作名詞或形容詞,ten 作名詞時複數為 tens。,,十一,九,十二,eleven,nine,twelve,,,,,,,,,,,,,,,I have t__ pencils.,ten,t 開頭，共 3 個字母,The answer is t__.,ten,t 開頭，共 3 個字母,Please write the number t__.,ten,t 開頭，共 3 個字母,,,,,,
eleven,十一,number/noun/adjective（數字／名詞／形容詞）,number/noun/adjective,數字／名詞／形容詞,可表示數字；也可當名詞使用，例如 two twos；也可放在名詞前修飾數量。,,,,,,elevens,規則加 s,,number + plural noun; the number is...; in one's twenties/thirties,I have eleven pencils.,我有十一枝鉛筆。,The answer is eleven.,答案是十一。,Please write the number eleven.,請寫出數字十一。,,,,,七年級,上學期,Starter,數字;可作名詞或形容詞,eleven 作名詞時複數為 elevens。,,十二,十,十三,twelve,ten,thirteen,,,,,,,,,,,,,,,I have e_____ pencils.,eleven,e 開頭，共 6 個字母,The answer is e_____.,eleven,e 開頭，共 6 個字母,Please write the number e_____.,eleven,e 開頭，共 6 個字母,,,,,,
twelve,十二,number/noun/adjective（數字／名詞／形容詞）,number/noun/adjective,數字／名詞／形容詞,可表示數字；也可當名詞使用，例如 two twos；也可放在名詞前修飾數量。,,,,,,twelves,規則加 s,,number + plural noun; the number is...; in one's twenties/thirties,I have twelve pencils.,我有十二枝鉛筆。,The answer is twelve.,答案是十二。,Please write the number twelve.,請寫出數字十二。,,,,,七年級,上學期,Starter,數字;可作名詞或形容詞,twelve 作名詞時複數為 twelves。,,十三,十一,十四,thirteen,eleven,fourteen,,,,,,,,,,,,,,,I have t_____ pencils.,twelve,t 開頭，共 6 個字母,The answer is t_____.,twelve,t 開頭，共 6 個字母,Please write the number t_____.,twelve,t 開頭，共 6 個字母,,,,,,
thirteen,十三,number/noun/adjective（數字／名詞／形容詞）,number/noun/adjective,數字／名詞／形容詞,可表示數字；也可當名詞使用，例如 two twos；也可放在名詞前修飾數量。,,,,,,thirteens,規則加 s,,number + plural noun; the number is...; in one's twenties/thirties,I have thirteen pencils.,我有十三枝鉛筆。,The answer is thirteen.,答案是十三。,Please write the number thirteen.,請寫出數字十三。,,,,,七年級,上學期,Starter,數字;可作名詞或形容詞,thirteen 是 -teen 結尾的數字。,,十四,十二,十五,fourteen,twelve,fifteen,,,,,,,,,,,,,,,I have t_______ pencils.,thirteen,t 開頭，共 8 個字母,The answer is t_______.,thirteen,t 開頭，共 8 個字母,Please write the number t_______.,thirteen,t 開頭，共 8 個字母,,,,,,
fourteen,十四,number/noun/adjective（數字／名詞／形容詞）,number/noun/adjective,數字／名詞／形容詞,可表示數字；也可當名詞使用，例如 two twos；也可放在名詞前修飾數量。,,,,,,fourteens,規則加 s,,number + plural noun; the number is...; in one's twenties/thirties,I have fourteen pencils.,我有十四枝鉛筆。,The answer is fourteen.,答案是十四。,Please write the number fourteen.,請寫出數字十四。,,,,,七年級,上學期,Starter,數字;可作名詞或形容詞,注意 fourteen 與 forty 拼字不同。,,十五,十三,十六,fifteen,thirteen,sixteen,,,,,,,,,,,,,,,I have f_______ pencils.,fourteen,f 開頭，共 8 個字母,The answer is f_______.,fourteen,f 開頭，共 8 個字母,Please write the number f_______.,fourteen,f 開頭，共 8 個字母,,,,,,
fifteen,十五,number/noun/adjective（數字／名詞／形容詞）,number/noun/adjective,數字／名詞／形容詞,可表示數字；也可當名詞使用，例如 two twos；也可放在名詞前修飾數量。,,,,,,fifteens,規則加 s,,number + plural noun; the number is...; in one's twenties/thirties,I have fifteen pencils.,我有十五枝鉛筆。,The answer is fifteen.,答案是十五。,Please write the number fifteen.,請寫出數字十五。,,,,,七年級,上學期,Starter,數字;可作名詞或形容詞,fifteen 作名詞時複數為 fifteens。,,十六,十四,十七,sixteen,fourteen,seventeen,,,,,,,,,,,,,,,I have f______ pencils.,fifteen,f 開頭，共 7 個字母,The answer is f______.,fifteen,f 開頭，共 7 個字母,Please write the number f______.,fifteen,f 開頭，共 7 個字母,,,,,,
sixteen,十六,number/noun/adjective（數字／名詞／形容詞）,number/noun/adjective,數字／名詞／形容詞,可表示數字；也可當名詞使用，例如 two twos；也可放在名詞前修飾數量。,,,,,,sixteens,規則加 s,,number + plural noun; the number is...; in one's twenties/thirties,I have sixteen pencils.,我有十六枝鉛筆。,The answer is sixteen.,答案是十六。,Please write the number sixteen.,請寫出數字十六。,,,,,七年級,上學期,Starter,數字;可作名詞或形容詞,sixteen 作名詞時複數為 sixteens。,,十七,十五,十八,seventeen,fifteen,eighteen,,,,,,,,,,,,,,,I have s______ pencils.,sixteen,s 開頭，共 7 個字母,The answer is s______.,sixteen,s 開頭，共 7 個字母,Please write the number s______.,sixteen,s 開頭，共 7 個字母,,,,,,
seventeen,十七,number/noun/adjective（數字／名詞／形容詞）,number/noun/adjective,數字／名詞／形容詞,可表示數字；也可當名詞使用，例如 two twos；也可放在名詞前修飾數量。,,,,,,seventeens,規則加 s,,number + plural noun; the number is...; in one's twenties/thirties,I have seventeen pencils.,我有十七枝鉛筆。,The answer is seventeen.,答案是十七。,Please write the number seventeen.,請寫出數字十七。,,,,,七年級,上學期,Starter,數字;可作名詞或形容詞,seventeen 作名詞時複數為 seventeens。,,十八,十六,十九,eighteen,sixteen,nineteen,,,,,,,,,,,,,,,I have s________ pencils.,seventeen,s 開頭，共 9 個字母,The answer is s________.,seventeen,s 開頭，共 9 個字母,Please write the number s________.,seventeen,s 開頭，共 9 個字母,,,,,,
eighteen,十八,number/noun/adjective（數字／名詞／形容詞）,number/noun/adjective,數字／名詞／形容詞,可表示數字；也可當名詞使用，例如 two twos；也可放在名詞前修飾數量。,,,,,,eighteens,規則加 s,,number + plural noun; the number is...; in one's twenties/thirties,I have eighteen pencils.,我有十八枝鉛筆。,The answer is eighteen.,答案是十八。,Please write the number eighteen.,請寫出數字十八。,,,,,七年級,上學期,Starter,數字;可作名詞或形容詞,eighteen 作名詞時複數為 eighteens。,,十九,十七,二十,nineteen,seventeen,twenty,,,,,,,,,,,,,,,I have e_______ pencils.,eighteen,e 開頭，共 8 個字母,The answer is e_______.,eighteen,e 開頭，共 8 個字母,Please write the number e_______.,eighteen,e 開頭，共 8 個字母,,,,,,
nineteen,十九,number/noun/adjective（數字／名詞／形容詞）,number/noun/adjective,數字／名詞／形容詞,可表示數字；也可當名詞使用，例如 two twos；也可放在名詞前修飾數量。,,,,,,nineteens,規則加 s,,number + plural noun; the number is...; in one's twenties/thirties,I have nineteen pencils.,我有十九枝鉛筆。,The answer is nineteen.,答案是十九。,Please write the number nineteen.,請寫出數字十九。,,,,,七年級,上學期,Starter,數字;可作名詞或形容詞,nineteen 作名詞時複數為 nineteens。,,二十,十八,三十,twenty,eighteen,thirty,,,,,,,,,,,,,,,I have n_______ pencils.,nineteen,n 開頭，共 8 個字母,The answer is n_______.,nineteen,n 開頭，共 8 個字母,Please write the number n_______.,nineteen,n 開頭，共 8 個字母,,,,,,
twenty,二十,number/noun/adjective（數字／名詞／形容詞）,number/noun/adjective,數字／名詞／形容詞,可表示數字；也可當名詞使用，例如 two twos；也可放在名詞前修飾數量。,,,,,,twenties,子音 + y，去 y 加 ies,,number + plural noun; the number is...; in one's twenties/thirties,I have twenty pencils.,我有二十枝鉛筆。,The answer is twenty.,答案是二十。,Please write the number twenty.,請寫出數字二十。,,,,,七年級,上學期,Starter,數字;可作名詞或形容詞,twenty 作名詞時複數為 twenties。,,三十,十九,四十,thirty,nineteen,forty,,,,,,,,,,,,,,,I have t_____ pencils.,twenty,t 開頭，共 6 個字母,The answer is t_____.,twenty,t 開頭，共 6 個字母,Please write the number t_____.,twenty,t 開頭，共 6 個字母,,,,,,
thirty,三十,number/noun/adjective（數字／名詞／形容詞）,number/noun/adjective,數字／名詞／形容詞,可表示數字；也可當名詞使用，例如 two twos；也可放在名詞前修飾數量。,,,,,,thirties,子音 + y，去 y 加 ies,,number + plural noun; the number is...; in one's twenties/thirties,I have thirty pencils.,我有三十枝鉛筆。,The answer is thirty.,答案是三十。,Please write the number thirty.,請寫出數字三十。,,,,,七年級,上學期,Starter,數字;可作名詞或形容詞,thirty 作名詞時複數為 thirties。,,四十,二十,五十,forty,twenty,fifty,,,,,,,,,,,,,,,I have t_____ pencils.,thirty,t 開頭，共 6 個字母,The answer is t_____.,thirty,t 開頭，共 6 個字母,Please write the number t_____.,thirty,t 開頭，共 6 個字母,,,,,,
forty,四十,number/noun/adjective（數字／名詞／形容詞）,number/noun/adjective,數字／名詞／形容詞,可表示數字；也可當名詞使用，例如 two twos；也可放在名詞前修飾數量。,,,,,,forties,子音 + y，去 y 加 ies,,number + plural noun; the number is...; in one's twenties/thirties,I have forty pencils.,我有四十枝鉛筆。,The answer is forty.,答案是四十。,Please write the number forty.,請寫出數字四十。,,,,,七年級,上學期,Starter,數字;可作名詞或形容詞,forty 拼字不是 fourty；作名詞時複數為 forties。,,五十,三十,六十,fifty,thirty,sixty,,,,,,,,,,,,,,,I have f____ pencils.,forty,f 開頭，共 5 個字母,The answer is f____.,forty,f 開頭，共 5 個字母,Please write the number f____.,forty,f 開頭，共 5 個字母,,,,,,
fifty,五十,number/noun/adjective（數字／名詞／形容詞）,number/noun/adjective,數字／名詞／形容詞,可表示數字；也可當名詞使用，例如 two twos；也可放在名詞前修飾數量。,,,,,,fifties,子音 + y，去 y 加 ies,,number + plural noun; the number is...; in one's twenties/thirties,I have fifty pencils.,我有五十枝鉛筆。,The answer is fifty.,答案是五十。,Please write the number fifty.,請寫出數字五十。,,,,,七年級,上學期,Starter,數字;可作名詞或形容詞,fifty 作名詞時複數為 fifties。,,六十,四十,七十,sixty,forty,seventy,,,,,,,,,,,,,,,I have f____ pencils.,fifty,f 開頭，共 5 個字母,The answer is f____.,fifty,f 開頭，共 5 個字母,Please write the number f____.,fifty,f 開頭，共 5 個字母,,,,,,
sixty,六十,number/noun/adjective（數字／名詞／形容詞）,number/noun/adjective,數字／名詞／形容詞,可表示數字；也可當名詞使用，例如 two twos；也可放在名詞前修飾數量。,,,,,,sixties,子音 + y，去 y 加 ies,,number + plural noun; the number is...; in one's twenties/thirties,I have sixty pencils.,我有六十枝鉛筆。,The answer is sixty.,答案是六十。,Please write the number sixty.,請寫出數字六十。,,,,,七年級,上學期,Starter,數字;可作名詞或形容詞,sixty 作名詞時複數為 sixties。,,七十,五十,八十,seventy,fifty,eighty,,,,,,,,,,,,,,,I have s____ pencils.,sixty,s 開頭，共 5 個字母,The answer is s____.,sixty,s 開頭，共 5 個字母,Please write the number s____.,sixty,s 開頭，共 5 個字母,,,,,,
seventy,七十,number/noun/adjective（數字／名詞／形容詞）,number/noun/adjective,數字／名詞／形容詞,可表示數字；也可當名詞使用，例如 two twos；也可放在名詞前修飾數量。,,,,,,seventies,子音 + y，去 y 加 ies,,number + plural noun; the number is...; in one's twenties/thirties,I have seventy pencils.,我有七十枝鉛筆。,The answer is seventy.,答案是七十。,Please write the number seventy.,請寫出數字七十。,,,,,七年級,上學期,Starter,數字;可作名詞或形容詞,seventy 作名詞時複數為 seventies。,,八十,六十,九十,eighty,sixty,ninety,,,,,,,,,,,,,,,I have s______ pencils.,seventy,s 開頭，共 7 個字母,The answer is s______.,seventy,s 開頭，共 7 個字母,Please write the number s______.,seventy,s 開頭，共 7 個字母,,,,,,
eighty,八十,number/noun/adjective（數字／名詞／形容詞）,number/noun/adjective,數字／名詞／形容詞,可表示數字；也可當名詞使用，例如 two twos；也可放在名詞前修飾數量。,,,,,,eighties,子音 + y，去 y 加 ies,,number + plural noun; the number is...; in one's twenties/thirties,I have eighty pencils.,我有八十枝鉛筆。,The answer is eighty.,答案是八十。,Please write the number eighty.,請寫出數字八十。,,,,,七年級,上學期,Starter,數字;可作名詞或形容詞,eighty 拼字保留 t：e-i-g-h-t-y；複數為 eighties。,,九十,七十,六十,ninety,seventy,sixty,,,,,,,,,,,,,,,I have e_____ pencils.,eighty,e 開頭，共 6 個字母,The answer is e_____.,eighty,e 開頭，共 6 個字母,Please write the number e_____.,eighty,e 開頭，共 6 個字母,,,,,,
ninety,九十,number/noun/adjective（數字／名詞／形容詞）,number/noun/adjective,數字／名詞／形容詞,可表示數字；也可當名詞使用，例如 two twos；也可放在名詞前修飾數量。,,,,,,nineties,子音 + y，去 y 加 ies,,number + plural noun; the number is...; in one's twenties/thirties,I have ninety pencils.,我有九十枝鉛筆。,The answer is ninety.,答案是九十。,Please write the number ninety.,請寫出數字九十。,,,,,七年級,上學期,Starter,數字;可作名詞或形容詞,ninety 作名詞時複數為 nineties。,,八十,七十,六十,eighty,seventy,sixty,,,,,,,,,,,,,,,I have n_____ pencils.,ninety,n 開頭，共 6 個字母,The answer is n_____.,ninety,n 開頭，共 6 個字母,Please write the number n_____.,ninety,n 開頭，共 6 個字母,,,,,,
